Date;Time;Global_active_power;Global_reactive_power;Voltage;Global_intensity;Sub_metering_1;Sub_metering_2;Sub_metering_3
17/10/2008;13:24:00;0.394;0.096;239.980;1.600;0.000;0.000;1.000
17/10/2008;13:25:00;0.392;0.096;239.950;1.600;0.000;0.000;1.000
17/10/2008;13:26:00;0.390;0.096;239.750;1.600;0.000;0.000;0.000
17/10/2008;13:27:00;0.388;0.094;239.020;1.600;0.000;0.000;1.000
17/10/2008;13:28:00;0.388;0.092;238.870;1.600;0.000;0.000;1.000
17/10/2008;13:29:00;0.386;0.092;238.860;1.600;0.000;0.000;0.000
17/10/2008;13:30:00;0.386;0.092;238.890;1.600;0.000;0.000;1.000
17/10/2008;13:31:00;0.386;0.094;239.010;1.600;0.000;0.000;1.000
17/10/2008;13:32:00;0.386;0.094;239.500;1.600;0.000;0.000;0.000
17/10/2008;13:33:00;0.384;0.094;239.410;1.600;0.000;0.000;1.000
17/10/2008;13:34:00;0.384;0.094;239.370;1.600;0.000;0.000;1.000
17/10/2008;13:35:00;0.384;0.096;239.820;1.600;0.000;0.000;0.000
17/10/2008;13:36:00;0.384;0.094;239.270;1.600;0.000;0.000;1.000
17/10/2008;13:37:00;0.384;0.092;239.120;1.600;0.000;0.000;0.000
17/10/2008;13:38:00;0.384;0.094;239.370;1.600;0.000;0.000;1.000
17/10/2008;13:39:00;0.382;0.094;239.260;1.600;0.000;0.000;1.000
17/10/2008;13:40:00;0.384;0.094;239.600;1.600;0.000;0.000;0.000
17/10/2008;13:41:00;0.376;0.084;238.630;1.600;0.000;0.000;1.000
17/10/2008;13:42:00;0.290;0.000;239.330;1.200;0.000;0.000;1.000
17/10/2008;13:43:00;0.330;0.000;239.600;1.600;0.000;0.000;0.000
17/10/2008;13:44:00;0.368;0.066;239.560;1.600;0.000;0.000;1.000
17/10/2008;13:45:00;0.366;0.064;238.840;1.600;0.000;0.000;1.000
17/10/2008;13:46:00;0.366;0.064;238.870;1.600;0.000;0.000;0.000
17/10/2008;13:47:00;0.366;0.062;238.510;1.600;0.000;0.000;1.000
17/10/2008;13:48:00;0.364;0.064;239.090;1.600;0.000;0.000;1.000
17/10/2008;13:49:00;0.362;0.062;238.570;1.600;0.000;0.000;0.000
17/10/2008;13:50:00;0.360;0.062;238.490;1.600;0.000;0.000;1.000
17/10/2008;13:51:00;0.360;0.064;239.020;1.600;0.000;0.000;1.000
17/10/2008;13:52:00;0.360;0.064;238.680;1.600;0.000;0.000;0.000
17/10/2008;13:53:00;0.360;0.066;239.200;1.600;0.000;0.000;1.000
17/10/2008;13:54:00;0.358;0.066;239.280;1.600;0.000;0.000;1.000
17/10/2008;13:55:00;0.358;0.066;239.500;1.600;0.000;0.000;0.000
17/10/2008;13:56:00;0.348;0.050;240.460;1.400;0.000;0.000;1.000
17/10/2008;13:57:00;0.296;0.000;242.330;1.200;0.000;0.000;1.000
17/10/2008;13:58:00;0.294;0.000;242.100;1.200;0.000;0.000;0.000
17/10/2008;13:59:00;0.296;0.000;242.310;1.200;0.000;0.000;1.000
17/10/2008;14:00:00;0.294;0.000;241.760;1.200;0.000;0.000;1.000
17/10/2008;14:01:00;0.294;0.000;241.760;1.200;0.000;0.000;0.000
17/10/2008;14:02:00;0.382;0.072;241.570;1.800;0.000;0.000;1.000
17/10/2008;14:03:00;0.380;0.090;241.370;1.600;0.000;2.000;1.000
17/10/2008;14:04:00;0.380;0.090;241.640;1.600;0.000;1.000;0.000
17/10/2008;14:05:00;0.378;0.088;241.020;1.600;0.000;1.000;1.000
17/10/2008;14:06:00;0.380;0.088;240.750;1.600;0.000;2.000;0.000
17/10/2008;14:07:00;0.380;0.088;241.030;1.600;0.000;1.000;1.000
17/10/2008;14:08:00;0.380;0.088;241.120;1.600;0.000;2.000;1.000
17/10/2008;14:09:00;0.380;0.088;241.250;1.600;0.000;1.000;0.000
17/10/2008;14:10:00;0.378;0.088;240.820;1.600;0.000;2.000;1.000
17/10/2008;14:11:00;0.378;0.088;240.980;1.600;0.000;1.000;1.000
17/10/2008;14:12:00;0.378;0.088;240.800;1.600;0.000;1.000;0.000
17/10/2008;14:13:00;0.416;0.086;240.590;1.800;0.000;2.000;1.000
17/10/2008;14:14:00;0.416;0.084;240.390;1.800;0.000;1.000;1.000
17/10/2008;14:15:00;0.420;0.086;241.120;1.800;0.000;2.000;0.000
17/10/2008;14:16:00;0.414;0.084;240.850;1.800;0.000;1.000;1.000
17/10/2008;14:17:00;0.404;0.082;239.350;1.800;0.000;1.000;1.000
17/10/2008;14:18:00;0.406;0.084;239.340;1.800;0.000;2.000;0.000
17/10/2008;14:19:00;0.440;0.112;241.680;2.000;0.000;1.000;1.000
17/10/2008;14:20:00;0.520;0.222;242.080;2.400;0.000;1.000;1.000
17/10/2008;14:21:00;0.514;0.218;241.160;2.400;0.000;1.000;0.000
17/10/2008;14:22:00;0.508;0.218;240.830;2.400;0.000;2.000;1.000
17/10/2008;14:23:00;0.506;0.220;241.220;2.200;0.000;1.000;1.000
17/10/2008;14:24:00;0.508;0.228;242.730;2.400;0.000;1.000;0.000
17/10/2008;14:25:00;0.506;0.226;242.310;2.200;0.000;1.000;1.000
17/10/2008;14:26:00;0.510;0.222;241.870;2.400;0.000;2.000;1.000
17/10/2008;14:27:00;0.504;0.214;242.170;2.200;0.000;1.000;0.000
17/10/2008;14:28:00;0.430;0.102;242.000;1.800;0.000;0.000;1.000
17/10/2008;14:29:00;0.426;0.106;242.720;1.800;0.000;0.000;1.000
17/10/2008;14:30:00;0.428;0.108;243.610;1.800;0.000;0.000;0.000
17/10/2008;14:31:00;0.496;0.178;242.970;2.200;0.000;0.000;1.000
17/10/2008;14:32:00;0.504;0.216;243.980;2.200;0.000;0.000;1.000
17/10/2008;14:33:00;0.500;0.212;243.220;2.200;0.000;0.000;0.000
17/10/2008;14:34:00;0.498;0.212;243.000;2.200;0.000;0.000;1.000
17/10/2008;14:35:00;0.494;0.210;242.580;2.200;0.000;0.000;1.000
17/10/2008;14:36:00;0.492;0.212;243.080;2.200;0.000;0.000;0.000
17/10/2008;14:37:00;0.492;0.216;243.710;2.200;0.000;0.000;1.000
17/10/2008;14:38:00;0.492;0.216;243.930;2.200;0.000;0.000;1.000
17/10/2008;14:39:00;0.488;0.214;243.440;2.200;0.000;0.000;0.000
17/10/2008;14:40:00;0.488;0.214;243.330;2.200;0.000;0.000;1.000
17/10/2008;14:41:00;0.486;0.210;242.720;2.200;0.000;0.000;1.000
17/10/2008;14:42:00;0.484;0.208;242.220;2.200;0.000;0.000;0.000
17/10/2008;14:43:00;0.400;0.084;242.390;1.800;0.000;0.000;1.000
17/10/2008;14:44:00;0.366;0.000;243.160;1.600;0.000;0.000;1.000
17/10/2008;14:45:00;0.322;0.000;242.820;1.400;0.000;0.000;0.000
17/10/2008;14:46:00;0.322;0.000;243.180;1.400;0.000;0.000;1.000
17/10/2008;14:47:00;0.320;0.000;242.520;1.400;0.000;0.000;1.000
17/10/2008;14:48:00;0.320;0.000;242.780;1.400;0.000;0.000;0.000
17/10/2008;14:49:00;0.322;0.000;243.300;1.400;0.000;0.000;1.000
17/10/2008;14:50:00;0.324;0.000;243.700;1.400;0.000;0.000;1.000
17/10/2008;14:51:00;0.324;0.000;243.140;1.400;0.000;0.000;0.000
17/10/2008;14:52:00;0.322;0.000;243.320;1.400;0.000;0.000;1.000
17/10/2008;14:53:00;0.320;0.000;243.110;1.400;0.000;0.000;1.000
17/10/2008;14:54:00;0.320;0.000;242.650;1.400;0.000;0.000;1.000
17/10/2008;14:55:00;0.320;0.000;242.660;1.400;0.000;0.000;0.000
17/10/2008;14:56:00;0.318;0.000;242.500;1.400;0.000;0.000;1.000
17/10/2008;14:57:00;0.320;0.000;243.720;1.400;0.000;0.000;1.000
17/10/2008;14:58:00;0.320;0.000;243.260;1.400;0.000;0.000;0.000
17/10/2008;14:59:00;0.320;0.000;243.220;1.400;0.000;0.000;1.000
17/10/2008;15:00:00;0.322;0.000;243.370;1.400;0.000;0.000;1.000
17/10/2008;15:01:00;0.322;0.000;244.590;1.400;0.000;0.000;0.000
17/10/2008;15:02:00;0.320;0.000;244.080;1.400;0.000;0.000;1.000
17/10/2008;15:03:00;0.382;0.000;245.100;1.600;0.000;0.000;1.000
17/10/2008;15:04:00;0.396;0.000;244.890;1.600;0.000;0.000;0.000
17/10/2008;15:05:00;0.398;0.000;245.190;1.600;0.000;0.000;1.000
17/10/2008;15:06:00;0.398;0.000;245.890;1.600;0.000;0.000;1.000
17/10/2008;15:07:00;0.394;0.000;244.240;1.600;0.000;0.000;0.000
17/10/2008;15:08:00;0.396;0.000;244.380;1.600;0.000;0.000;1.000
17/10/2008;15:09:00;0.394;0.000;243.600;1.600;0.000;0.000;1.000
17/10/2008;15:10:00;0.396;0.000;244.000;1.600;0.000;0.000;0.000
17/10/2008;15:11:00;0.394;0.000;243.370;1.600;0.000;0.000;1.000
17/10/2008;15:12:00;0.394;0.000;243.530;1.600;0.000;0.000;1.000
17/10/2008;15:13:00;0.392;0.000;243.000;1.600;0.000;0.000;0.000
17/10/2008;15:14:00;0.392;0.000;243.290;1.600;0.000;0.000;1.000
17/10/2008;15:15:00;0.422;0.000;243.070;2.000;0.000;0.000;1.000
17/10/2008;15:16:00;0.988;0.110;243.410;4.000;0.000;0.000;10.000
17/10/2008;15:17:00;1.012;0.116;244.330;4.200;0.000;0.000;11.000
17/10/2008;15:18:00;1.036;0.104;242.980;4.200;0.000;0.000;11.000
17/10/2008;15:19:00;1.134;0.196;243.550;4.800;0.000;0.000;12.000
17/10/2008;15:20:00;0.898;0.180;243.890;4.000;0.000;0.000;8.000
17/10/2008;15:21:00;0.592;0.220;245.570;2.600;0.000;0.000;1.000
17/10/2008;15:22:00;0.586;0.216;244.840;2.600;0.000;0.000;0.000
17/10/2008;15:23:00;0.584;0.214;244.740;2.600;0.000;0.000;1.000
17/10/2008;15:24:00;0.582;0.216;244.840;2.600;0.000;0.000;1.000
17/10/2008;15:25:00;0.576;0.216;244.950;2.600;0.000;0.000;0.000
17/10/2008;15:26:00;0.572;0.214;244.730;2.400;0.000;0.000;1.000
17/10/2008;15:27:00;0.566;0.212;243.890;2.400;0.000;0.000;1.000
17/10/2008;15:28:00;0.564;0.212;244.020;2.400;0.000;0.000;0.000
17/10/2008;15:29:00;0.564;0.212;244.250;2.400;0.000;0.000;1.000
17/10/2008;15:30:00;0.560;0.208;243.310;2.400;0.000;0.000;1.000
17/10/2008;15:31:00;0.522;0.154;241.220;2.200;0.000;0.000;0.000
17/10/2008;15:32:00;0.482;0.094;240.760;2.000;0.000;0.000;1.000
17/10/2008;15:33:00;0.480;0.094;240.300;2.000;0.000;0.000;1.000
17/10/2008;15:34:00;0.480;0.094;240.520;2.000;0.000;0.000;0.000
17/10/2008;15:35:00;0.478;0.090;239.510;2.000;0.000;0.000;1.000
17/10/2008;15:36:00;0.478;0.092;239.910;2.000;0.000;0.000;1.000
17/10/2008;15:37:00;0.476;0.090;239.330;2.000;0.000;0.000;0.000
17/10/2008;15:38:00;0.474;0.088;238.610;2.000;0.000;0.000;1.000
17/10/2008;15:39:00;0.478;0.092;239.660;2.000;0.000;0.000;1.000
17/10/2008;15:40:00;0.478;0.090;239.340;2.000;0.000;0.000;0.000
17/10/2008;15:41:00;0.480;0.090;239.020;2.000;0.000;0.000;1.000
17/10/2008;15:42:00;0.480;0.092;239.650;2.000;0.000;0.000;0.000
17/10/2008;15:43:00;0.478;0.090;239.180;2.000;0.000;0.000;1.000
17/10/2008;15:44:00;0.432;0.000;239.570;1.800;0.000;0.000;1.000
17/10/2008;15:45:00;0.388;0.000;239.880;1.600;0.000;0.000;0.000
17/10/2008;15:46:00;0.386;0.000;239.490;1.600;0.000;0.000;1.000
17/10/2008;15:47:00;0.382;0.000;239.630;1.600;0.000;0.000;1.000
17/10/2008;15:48:00;0.386;0.000;239.850;1.600;0.000;0.000;0.000
17/10/2008;15:49:00;0.386;0.000;240.190;1.600;0.000;0.000;1.000
17/10/2008;15:50:00;0.384;0.000;239.400;1.600;0.000;0.000;1.000
17/10/2008;15:51:00;0.386;0.000;240.260;1.600;0.000;0.000;0.000
17/10/2008;15:52:00;0.388;0.000;240.970;1.600;0.000;0.000;1.000
17/10/2008;15:53:00;0.386;0.000;240.000;1.600;0.000;0.000;1.000
17/10/2008;15:54:00;0.384;0.000;239.120;1.600;0.000;0.000;0.000
17/10/2008;15:55:00;0.382;0.000;238.660;1.600;0.000;0.000;1.000
17/10/2008;15:56:00;0.362;0.000;239.240;1.600;0.000;0.000;1.000
17/10/2008;15:57:00;0.290;0.000;239.280;1.200;0.000;0.000;0.000
17/10/2008;15:58:00;0.292;0.000;240.360;1.200;0.000;0.000;1.000
17/10/2008;15:59:00;0.314;0.000;240.120;1.400;0.000;0.000;1.000
17/10/2008;16:00:00;0.380;0.094;240.280;1.600;0.000;0.000;0.000
17/10/2008;16:01:00;0.378;0.096;240.370;1.600;0.000;2.000;1.000
17/10/2008;16:02:00;0.378;0.094;240.100;1.600;0.000;1.000;1.000
17/10/2008;16:03:00;0.378;0.096;240.780;1.600;0.000;2.000;0.000
17/10/2008;16:04:00;0.378;0.096;240.520;1.600;0.000;1.000;1.000
17/10/2008;16:05:00;0.404;0.108;240.040;1.800;0.000;1.000;1.000
17/10/2008;16:06:00;0.454;0.198;240.420;2.000;0.000;2.000;0.000
17/10/2008;16:07:00;0.454;0.198;240.510;2.000;0.000;1.000;1.000
17/10/2008;16:08:00;0.452;0.198;240.280;2.000;0.000;2.000;1.000
17/10/2008;16:09:00;0.452;0.202;241.410;2.000;0.000;1.000;0.000
17/10/2008;16:10:00;0.450;0.200;240.910;2.000;0.000;1.000;1.000
17/10/2008;16:11:00;0.446;0.196;239.940;2.000;0.000;2.000;1.000
17/10/2008;16:12:00;0.444;0.198;239.990;2.000;0.000;1.000;0.000
17/10/2008;16:13:00;0.444;0.200;240.690;2.000;0.000;2.000;1.000
17/10/2008;16:14:00;0.444;0.202;241.340;2.000;0.000;1.000;0.000
17/10/2008;16:15:00;0.442;0.202;241.400;2.000;0.000;1.000;1.000
17/10/2008;16:16:00;0.440;0.202;241.330;2.000;0.000;2.000;1.000
17/10/2008;16:17:00;0.412;0.160;241.370;1.800;0.000;1.000;0.000
17/10/2008;16:18:00;0.372;0.098;241.680;1.600;0.000;1.000;1.000
17/10/2008;16:19:00;0.372;0.100;242.250;1.600;0.000;1.000;1.000
17/10/2008;16:20:00;0.370;0.098;241.810;1.600;0.000;2.000;0.000
17/10/2008;16:21:00;0.368;0.096;240.790;1.600;0.000;1.000;1.000
17/10/2008;16:22:00;0.412;0.136;241.120;1.800;0.000;1.000;1.000
17/10/2008;16:23:00;0.478;0.228;240.900;2.200;0.000;1.000;0.000
17/10/2008;16:24:00;0.476;0.230;241.410;2.200;0.000;2.000;1.000
17/10/2008;16:25:00;0.464;0.216;241.010;2.200;0.000;1.000;1.000
17/10/2008;16:26:00;0.398;0.106;240.430;1.600;0.000;0.000;0.000
17/10/2008;16:27:00;0.398;0.108;240.930;1.600;0.000;0.000;1.000
17/10/2008;16:28:00;0.396;0.108;240.800;1.600;0.000;0.000;1.000
17/10/2008;16:29:00;0.394;0.106;240.080;1.600;0.000;0.000;0.000
17/10/2008;16:30:00;0.394;0.108;240.740;1.600;0.000;0.000;1.000
17/10/2008;16:31:00;0.392;0.108;240.650;1.600;0.000;0.000;1.000
17/10/2008;16:32:00;0.390;0.106;240.530;1.600;0.000;0.000;0.000
17/10/2008;16:33:00;0.390;0.106;240.270;1.600;0.000;0.000;1.000
17/10/2008;16:34:00;0.386;0.104;239.090;1.600;0.000;0.000;1.000
17/10/2008;16:35:00;0.386;0.104;239.150;1.600;0.000;0.000;0.000
17/10/2008;16:36:00;0.384;0.102;238.790;1.600;0.000;0.000;1.000
17/10/2008;16:37:00;0.384;0.102;238.780;1.600;0.000;0.000;1.000
17/10/2008;16:38:00;0.384;0.102;238.930;1.600;0.000;0.000;0.000
17/10/2008;16:39:00;0.384;0.102;239.270;1.600;0.000;0.000;1.000
17/10/2008;16:40:00;0.386;0.106;240.080;1.600;0.000;0.000;1.000
17/10/2008;16:41:00;0.384;0.106;239.880;1.600;0.000;0.000;0.000
17/10/2008;16:42:00;0.384;0.104;239.510;1.600;0.000;0.000;1.000
17/10/2008;16:43:00;0.386;0.106;240.330;1.600;0.000;0.000;1.000
17/10/2008;16:44:00;0.384;0.104;239.850;1.600;0.000;0.000;0.000
17/10/2008;16:45:00;0.380;0.100;239.160;1.600;0.000;0.000;1.000
17/10/2008;16:46:00;0.290;0.000;239.690;1.200;0.000;0.000;1.000
17/10/2008;16:47:00;0.292;0.000;239.980;1.200;0.000;0.000;0.000
17/10/2008;16:48:00;0.290;0.000;239.260;1.200;0.000;0.000;1.000
17/10/2008;16:49:00;0.290;0.000;239.420;1.200;0.000;0.000;0.000
17/10/2008;16:50:00;0.292;0.000;240.480;1.200;0.000;0.000;1.000
17/10/2008;16:51:00;0.292;0.000;240.870;1.200;0.000;0.000;1.000
17/10/2008;16:52:00;0.328;0.000;241.200;1.600;0.000;0.000;0.000
17/10/2008;16:53:00;0.370;0.078;240.620;1.600;0.000;0.000;1.000
17/10/2008;16:54:00;0.372;0.080;241.610;1.600;0.000;0.000;1.000
17/10/2008;16:55:00;0.372;0.082;242.060;1.600;0.000;0.000;0.000
17/10/2008;16:56:00;0.368;0.080;240.930;1.600;0.000;0.000;1.000
17/10/2008;16:57:00;0.370;0.080;241.420;1.600;0.000;0.000;1.000
17/10/2008;16:58:00;0.366;0.078;240.760;1.600;0.000;0.000;0.000
17/10/2008;16:59:00;0.366;0.078;241.290;1.600;0.000;0.000;1.000
17/10/2008;17:00:00;0.362;0.076;239.810;1.600;0.000;0.000;1.000
17/10/2008;17:01:00;0.362;0.076;240.150;1.600;0.000;0.000;0.000
17/10/2008;17:02:00;0.362;0.076;240.470;1.600;0.000;0.000;1.000
17/10/2008;17:03:00;0.360;0.076;240.340;1.600;0.000;0.000;1.000
17/10/2008;17:04:00;0.344;0.052;240.410;1.400;0.000;0.000;0.000
17/10/2008;17:05:00;0.290;0.000;240.060;1.200;0.000;0.000;1.000
17/10/2008;17:06:00;0.290;0.000;239.700;1.200;0.000;0.000;1.000
17/10/2008;17:07:00;0.292;0.000;240.550;1.200;0.000;0.000;0.000
17/10/2008;17:08:00;0.292;0.000;240.720;1.200;0.000;0.000;1.000
17/10/2008;17:09:00;0.292;0.000;240.910;1.200;0.000;0.000;1.000
17/10/2008;17:10:00;0.292;0.000;240.770;1.200;0.000;0.000;0.000
17/10/2008;17:11:00;0.292;0.000;240.780;1.200;0.000;0.000;1.000
17/10/2008;17:12:00;0.294;0.000;241.370;1.200;0.000;0.000;1.000
17/10/2008;17:13:00;0.292;0.000;240.680;1.200;0.000;0.000;0.000
17/10/2008;17:14:00;0.292;0.000;240.670;1.200;0.000;0.000;1.000
17/10/2008;17:15:00;0.290;0.000;239.050;1.200;0.000;0.000;1.000
17/10/2008;17:16:00;0.294;0.000;241.460;1.200;0.000;0.000;0.000
17/10/2008;17:17:00;0.294;0.000;241.870;1.200;0.000;0.000;1.000
17/10/2008;17:18:00;0.510;0.046;240.270;2.600;0.000;0.000;3.000
17/10/2008;17:19:00;0.942;0.216;240.130;4.000;0.000;0.000;11.000
17/10/2008;17:20:00;0.986;0.174;239.300;4.200;0.000;0.000;11.000
17/10/2008;17:21:00;1.046;0.222;239.720;4.400;0.000;0.000;11.000
17/10/2008;17:22:00;1.050;0.226;240.070;4.400;0.000;0.000;12.000
17/10/2008;17:23:00;0.758;0.174;240.440;3.400;0.000;0.000;7.000
17/10/2008;17:24:00;3.178;0.080;238.440;13.200;0.000;0.000;1.000
17/10/2008;17:25:00;3.166;0.080;238.340;13.200;0.000;0.000;0.000
17/10/2008;17:26:00;1.552;0.100;240.620;8.600;0.000;0.000;1.000
17/10/2008;17:27:00;0.396;0.114;242.010;1.600;0.000;0.000;1.000
17/10/2008;17:28:00;0.396;0.114;242.280;1.600;0.000;0.000;0.000
17/10/2008;17:29:00;0.394;0.112;241.840;1.600;0.000;0.000;1.000
17/10/2008;17:30:00;0.390;0.106;239.960;1.600;0.000;0.000;1.000
17/10/2008;17:31:00;0.388;0.106;239.930;1.600;0.000;0.000;0.000
17/10/2008;17:32:00;0.388;0.106;239.810;1.600;0.000;0.000;1.000
17/10/2008;17:33:00;0.392;0.106;239.940;1.600;0.000;0.000;1.000
17/10/2008;17:34:00;0.388;0.108;240.520;1.600;0.000;0.000;0.000
17/10/2008;17:35:00;0.556;0.106;240.710;2.400;0.000;0.000;1.000
17/10/2008;17:36:00;0.584;0.104;240.000;2.400;0.000;0.000;0.000
17/10/2008;17:37:00;0.390;0.112;241.350;1.600;0.000;0.000;1.000
17/10/2008;17:38:00;0.436;0.110;241.420;1.800;0.000;0.000;1.000
17/10/2008;17:39:00;0.498;0.148;240.930;2.200;0.000;0.000;0.000
17/10/2008;17:40:00;0.532;0.220;242.480;2.400;0.000;0.000;1.000
17/10/2008;17:41:00;0.532;0.220;242.560;2.400;0.000;0.000;1.000
17/10/2008;17:42:00;0.530;0.218;242.300;2.400;0.000;0.000;0.000
17/10/2008;17:43:00;0.532;0.220;242.830;2.400;0.000;0.000;1.000
17/10/2008;17:44:00;0.456;0.110;242.920;2.000;0.000;0.000;1.000
17/10/2008;17:45:00;0.434;0.082;241.700;1.800;0.000;0.000;0.000
17/10/2008;17:46:00;0.432;0.082;241.690;1.800;0.000;0.000;1.000
17/10/2008;17:47:00;0.434;0.084;242.790;1.800;0.000;0.000;1.000
17/10/2008;17:48:00;0.432;0.082;242.240;1.800;0.000;0.000;1.000
17/10/2008;17:49:00;0.430;0.080;241.680;1.800;0.000;0.000;0.000
17/10/2008;17:50:00;0.428;0.080;241.530;1.800;0.000;0.000;1.000
17/10/2008;17:51:00;0.426;0.078;240.980;1.800;0.000;0.000;0.000
17/10/2008;17:52:00;0.404;0.000;241.680;1.600;0.000;0.000;1.000
17/10/2008;17:53:00;0.362;0.000;242.410;1.400;0.000;0.000;1.000
17/10/2008;17:54:00;0.362;0.000;242.480;1.400;0.000;0.000;1.000
17/10/2008;17:55:00;0.360;0.000;241.910;1.400;0.000;0.000;0.000
17/10/2008;17:56:00;0.360;0.000;240.870;1.400;0.000;0.000;1.000
17/10/2008;17:57:00;0.414;0.000;240.830;1.800;0.000;0.000;0.000
17/10/2008;17:58:00;0.444;0.092;240.430;1.800;0.000;1.000;1.000
17/10/2008;17:59:00;0.442;0.094;240.650;1.800;0.000;1.000;1.000
17/10/2008;18:00:00;0.442;0.090;239.850;1.800;0.000;2.000;0.000
17/10/2008;18:01:00;0.442;0.092;240.080;1.800;0.000;1.000;1.000
17/10/2008;18:02:00;0.444;0.092;240.650;1.800;0.000;1.000;1.000
17/10/2008;18:03:00;0.440;0.088;239.270;1.800;0.000;2.000;0.000
17/10/2008;18:04:00;0.440;0.088;239.060;1.800;0.000;1.000;1.000
17/10/2008;18:05:00;0.442;0.090;239.810;1.800;0.000;2.000;1.000
17/10/2008;18:06:00;0.484;0.088;239.300;2.000;0.000;1.000;0.000
17/10/2008;18:07:00;0.624;0.088;239.580;2.600;0.000;2.000;1.000
17/10/2008;18:08:00;0.624;0.088;239.920;2.600;0.000;1.000;1.000
17/10/2008;18:09:00;0.526;0.094;241.170;2.200;0.000;1.000;0.000
17/10/2008;18:10:00;0.624;0.090;240.350;2.600;0.000;2.000;1.000
17/10/2008;18:11:00;0.502;0.086;240.240;2.200;0.000;1.000;1.000
17/10/2008;18:12:00;0.490;0.074;239.860;2.000;0.000;3.000;0.000
17/10/2008;18:13:00;1.898;0.060;237.970;9.200;0.000;22.000;1.000
17/10/2008;18:14:00;2.746;0.000;236.570;11.600;0.000;39.000;1.000
17/10/2008;18:15:00;2.744;0.000;236.920;11.600;0.000;39.000;0.000
17/10/2008;18:16:00;2.742;0.000;237.000;11.400;0.000;39.000;1.000
17/10/2008;18:17:00;2.754;0.000;238.240;11.400;0.000;39.000;1.000
17/10/2008;18:18:00;2.748;0.000;238.030;11.400;0.000;39.000;0.000
17/10/2008;18:19:00;2.762;0.000;237.770;11.600;0.000;39.000;1.000
17/10/2008;18:20:00;2.776;0.000;237.390;11.600;0.000;39.000;0.000
17/10/2008;18:21:00;2.892;0.148;237.170;12.200;0.000;39.000;1.000
17/10/2008;18:22:00;2.902;0.168;237.460;12.200;0.000;39.000;1.000
17/10/2008;18:23:00;1.672;0.176;239.490;8.400;0.000;21.000;0.000
17/10/2008;18:24:00;1.574;0.174;239.210;8.000;0.000;15.000;1.000
17/10/2008;18:25:00;1.600;0.084;238.740;8.200;0.000;20.000;1.000
17/10/2008;18:26:00;0.644;0.190;239.160;2.800;0.000;1.000;0.000
17/10/2008;18:27:00;0.660;0.226;239.670;2.800;0.000;1.000;1.000
17/10/2008;18:28:00;0.660;0.192;238.630;2.800;0.000;0.000;1.000
17/10/2008;18:29:00;0.686;0.188;239.330;3.000;0.000;1.000;0.000
17/10/2008;18:30:00;0.708;0.180;237.890;3.000;0.000;2.000;1.000
17/10/2008;18:31:00;0.724;0.176;236.610;3.200;0.000;2.000;1.000
17/10/2008;18:32:00;0.696;0.210;237.720;3.000;0.000;1.000;0.000
17/10/2008;18:33:00;2.284;0.572;235.640;10.200;0.000;1.000;1.000
17/10/2008;18:34:00;2.266;0.538;236.770;9.800;0.000;1.000;0.000
17/10/2008;18:35:00;2.646;0.694;236.340;11.600;0.000;1.000;1.000
17/10/2008;18:36:00;2.482;0.628;235.790;11.000;0.000;1.000;1.000
17/10/2008;18:37:00;1.332;0.350;237.860;5.800;0.000;1.000;0.000
17/10/2008;18:38:00;1.334;0.346;237.600;5.800;0.000;1.000;1.000
17/10/2008;18:39:00;1.318;0.320;238.350;5.600;0.000;2.000;1.000
17/10/2008;18:40:00;1.438;0.324;238.000;6.200;0.000;3.000;0.000
17/10/2008;18:41:00;1.526;0.344;237.610;6.600;0.000;6.000;1.000
17/10/2008;18:42:00;1.504;0.340;239.050;6.400;0.000;6.000;1.000
17/10/2008;18:43:00;1.496;0.340;239.490;6.400;0.000;5.000;0.000
17/10/2008;18:44:00;1.450;0.266;239.100;6.200;0.000;5.000;1.000
17/10/2008;18:45:00;1.620;0.206;238.750;6.800;0.000;5.000;1.000
17/10/2008;18:46:00;1.440;0.162;238.440;6.000;0.000;1.000;0.000
17/10/2008;18:47:00;1.426;0.130;238.450;6.000;0.000;0.000;1.000
17/10/2008;18:48:00;1.418;0.126;237.310;6.000;0.000;0.000;0.000
17/10/2008;18:49:00;1.422;0.130;238.580;6.000;0.000;0.000;1.000
17/10/2008;18:50:00;1.426;0.128;238.260;6.000;0.000;0.000;1.000
17/10/2008;18:51:00;1.414;0.128;237.910;6.000;0.000;0.000;0.000
17/10/2008;18:52:00;1.412;0.128;237.690;5.800;0.000;0.000;1.000
17/10/2008;18:53:00;1.414;0.128;237.880;5.800;0.000;0.000;1.000
17/10/2008;18:54:00;1.422;0.132;238.930;6.000;0.000;0.000;0.000
17/10/2008;18:55:00;1.440;0.132;239.410;6.000;0.000;0.000;1.000
17/10/2008;18:56:00;1.678;0.286;238.940;7.000;0.000;0.000;1.000
17/10/2008;18:57:00;1.728;0.318;238.210;7.400;0.000;0.000;0.000
17/10/2008;18:58:00;1.728;0.312;238.140;7.200;0.000;0.000;1.000
17/10/2008;18:59:00;1.730;0.308;238.420;7.200;0.000;0.000;1.000
17/10/2008;19:00:00;1.724;0.306;238.860;7.200;0.000;0.000;0.000
17/10/2008;19:01:00;2.028;0.340;237.960;8.600;0.000;0.000;1.000
17/10/2008;19:02:00;1.896;0.258;238.450;8.000;0.000;0.000;1.000
17/10/2008;19:03:00;1.928;0.160;237.690;8.200;0.000;0.000;0.000
17/10/2008;19:04:00;2.126;0.134;238.090;9.000;0.000;0.000;1.000
17/10/2008;19:05:00;2.030;0.188;237.530;9.000;0.000;0.000;0.000
17/10/2008;19:06:00;2.666;0.306;236.240;12.200;0.000;0.000;1.000
17/10/2008;19:07:00;2.190;0.230;236.950;9.800;0.000;0.000;1.000
17/10/2008;19:08:00;2.028;0.174;237.780;9.000;0.000;0.000;0.000
17/10/2008;19:09:00;1.554;0.250;237.910;6.600;0.000;0.000;1.000
17/10/2008;19:10:00;1.922;0.418;236.550;8.800;0.000;0.000;1.000
17/10/2008;19:11:00;1.536;0.338;236.830;6.600;0.000;0.000;0.000
17/10/2008;19:12:00;1.546;0.340;237.300;6.600;0.000;0.000;1.000
17/10/2008;19:13:00;1.868;0.412;237.250;8.400;0.000;0.000;1.000
17/10/2008;19:14:00;1.534;0.336;236.730;6.600;0.000;0.000;0.000
17/10/2008;19:15:00;1.522;0.334;236.360;6.600;0.000;0.000;1.000
17/10/2008;19:16:00;1.386;0.242;237.090;5.800;0.000;0.000;1.000
17/10/2008;19:17:00;1.316;0.188;238.610;5.600;0.000;0.000;0.000
17/10/2008;19:18:00;1.316;0.184;237.590;5.600;0.000;0.000;1.000
17/10/2008;19:19:00;1.374;0.184;237.880;5.800;0.000;0.000;0.000
17/10/2008;19:20:00;1.296;0.182;237.230;5.400;0.000;0.000;1.000
17/10/2008;19:21:00;1.298;0.186;237.680;5.400;0.000;0.000;1.000
17/10/2008;19:22:00;1.310;0.190;238.600;5.400;0.000;0.000;0.000
17/10/2008;19:23:00;1.310;0.192;239.260;5.400;0.000;0.000;1.000
17/10/2008;19:24:00;1.560;0.190;239.050;6.800;0.000;0.000;4.000
17/10/2008;19:25:00;2.412;0.186;238.100;10.200;0.000;0.000;18.000
17/10/2008;19:26:00;2.956;0.288;237.940;12.400;0.000;0.000;28.000
17/10/2008;19:27:00;2.974;0.294;238.570;12.400;0.000;0.000;29.000
17/10/2008;19:28:00;3.000;0.292;238.360;12.600;0.000;0.000;28.000
17/10/2008;19:29:00;3.044;0.282;237.440;12.800;0.000;0.000;29.000
17/10/2008;19:30:00;3.022;0.236;236.950;12.800;0.000;0.000;27.000
17/10/2008;19:31:00;2.716;0.000;237.700;11.400;0.000;0.000;18.000
17/10/2008;19:32:00;2.538;0.052;238.250;10.600;0.000;0.000;18.000
17/10/2008;19:33:00;2.538;0.052;238.240;10.600;0.000;0.000;18.000
17/10/2008;19:34:00;2.516;0.054;237.130;10.600;0.000;0.000;18.000
17/10/2008;19:35:00;2.522;0.054;237.500;10.600;0.000;0.000;18.000
17/10/2008;19:36:00;2.512;0.054;236.950;10.600;0.000;0.000;17.000
17/10/2008;19:37:00;2.520;0.054;237.430;10.600;0.000;0.000;18.000
17/10/2008;19:38:00;2.502;0.054;236.400;10.600;0.000;0.000;18.000
17/10/2008;19:39:00;2.502;0.054;236.430;10.600;0.000;0.000;18.000
17/10/2008;19:40:00;2.512;0.054;237.010;10.600;0.000;0.000;18.000
17/10/2008;19:41:00;2.526;0.052;237.600;10.600;0.000;0.000;18.000
17/10/2008;19:42:00;2.544;0.052;238.690;10.600;0.000;0.000;18.000
17/10/2008;19:43:00;2.544;0.052;238.700;10.600;0.000;0.000;18.000
17/10/2008;19:44:00;2.544;0.052;238.740;10.600;0.000;0.000;18.000
17/10/2008;19:45:00;2.590;0.000;239.080;10.800;0.000;0.000;18.000
17/10/2008;19:46:00;3.466;0.074;238.050;14.800;0.000;1.000;18.000
17/10/2008;19:47:00;2.870;0.072;239.210;12.200;0.000;1.000;18.000
17/10/2008;19:48:00;3.262;0.110;239.750;13.800;0.000;2.000;18.000
17/10/2008;19:49:00;3.108;0.084;239.630;13.200;0.000;1.000;19.000
17/10/2008;19:50:00;2.678;0.070;240.230;11.200;0.000;2.000;18.000
17/10/2008;19:51:00;2.638;0.068;239.310;11.000;0.000;1.000;18.000
17/10/2008;19:52:00;2.654;0.070;240.280;11.000;0.000;2.000;18.000
17/10/2008;19:53:00;2.642;0.068;239.580;11.000;0.000;1.000;19.000
17/10/2008;19:54:00;2.622;0.066;238.540;11.000;0.000;2.000;18.000
17/10/2008;19:55:00;2.894;0.064;238.500;12.000;0.000;1.000;18.000
17/10/2008;19:56:00;2.952;0.064;238.760;12.200;0.000;1.000;18.000
17/10/2008;19:57:00;3.056;0.152;238.110;12.800;0.000;2.000;18.000
17/10/2008;19:58:00;3.194;0.238;238.810;13.400;0.000;1.000;18.000
17/10/2008;19:59:00;3.342;0.236;238.790;14.000;0.000;2.000;18.000
17/10/2008;20:00:00;3.608;0.350;237.960;15.200;0.000;2.000;18.000
17/10/2008;20:01:00;4.966;0.476;236.230;21.400;0.000;24.000;18.000
17/10/2008;20:02:00;6.110;0.490;234.890;26.200;0.000;37.000;17.000
17/10/2008;20:03:00;6.246;0.534;234.410;27.000;0.000;29.000;18.000
17/10/2008;20:04:00;5.264;0.334;236.390;22.200;0.000;37.000;18.000
17/10/2008;20:05:00;4.738;0.326;236.720;20.400;0.000;29.000;17.000
17/10/2008;20:06:00;5.714;0.410;235.920;24.400;0.000;37.000;18.000
17/10/2008;20:07:00;5.692;0.402;235.830;24.400;0.000;37.000;18.000
17/10/2008;20:08:00;5.280;0.336;237.090;22.200;0.000;37.000;18.000
17/10/2008;20:09:00;5.276;0.330;237.060;22.200;0.000;38.000;17.000
17/10/2008;20:10:00;5.246;0.332;236.310;22.200;0.000;37.000;18.000
17/10/2008;20:11:00;5.258;0.328;236.810;22.200;0.000;38.000;18.000
17/10/2008;20:12:00;5.188;0.314;235.090;22.000;0.000;36.000;18.000
17/10/2008;20:13:00;5.094;0.202;234.410;21.600;0.000;36.000;17.000
17/10/2008;20:14:00;5.096;0.210;234.140;21.600;0.000;35.000;17.000
17/10/2008;20:15:00;5.144;0.208;235.760;21.800;0.000;36.000;18.000
17/10/2008;20:16:00;5.164;0.218;236.160;21.800;0.000;36.000;18.000
17/10/2008;20:17:00;5.134;0.204;235.540;21.800;0.000;36.000;17.000
17/10/2008;20:18:00;5.154;0.216;235.920;21.800;0.000;36.000;18.000
17/10/2008;20:19:00;5.174;0.202;235.530;21.800;0.000;36.000;18.000
17/10/2008;20:20:00;5.192;0.212;234.810;22.000;0.000;35.000;17.000
17/10/2008;20:21:00;5.376;0.200;235.130;22.800;0.000;36.000;18.000
17/10/2008;20:22:00;5.408;0.214;235.810;22.800;0.000;36.000;18.000
17/10/2008;20:23:00;5.180;0.206;236.280;21.800;0.000;36.000;17.000
17/10/2008;20:24:00;5.176;0.220;236.540;21.800;0.000;36.000;18.000
17/10/2008;20:25:00;5.198;0.208;237.170;21.800;0.000;37.000;18.000
17/10/2008;20:26:00;5.218;0.224;237.640;21.800;0.000;36.000;18.000
17/10/2008;20:27:00;5.196;0.206;237.230;21.800;0.000;36.000;18.000
17/10/2008;20:28:00;5.188;0.220;236.830;21.800;0.000;37.000;18.000
17/10/2008;20:29:00;5.158;0.202;236.270;21.800;0.000;36.000;17.000
17/10/2008;20:30:00;5.162;0.216;236.120;21.800;0.000;36.000;18.000
17/10/2008;20:31:00;5.176;0.202;236.750;21.800;0.000;36.000;18.000
17/10/2008;20:32:00;5.190;0.220;236.880;21.800;0.000;36.000;18.000
17/10/2008;20:33:00;4.672;0.210;237.640;19.800;0.000;29.000;18.000
17/10/2008;20:34:00;4.328;0.226;236.660;18.400;0.000;21.000;17.000
17/10/2008;20:35:00;5.030;0.150;233.620;21.400;0.000;36.000;18.000
17/10/2008;20:36:00;4.982;0.084;233.660;21.200;0.000;35.000;17.000
17/10/2008;20:37:00;5.222;0.088;232.490;22.400;0.000;35.000;17.000
17/10/2008;20:38:00;5.416;0.126;232.210;23.200;0.000;35.000;17.000
17/10/2008;20:39:00;4.574;0.086;232.830;19.600;0.000;23.000;18.000
17/10/2008;20:40:00;5.008;0.058;232.920;21.600;1.000;25.000;17.000
17/10/2008;20:41:00;5.572;0.000;231.610;24.000;1.000;35.000;17.000
17/10/2008;20:42:00;5.234;0.000;231.290;22.600;1.000;35.000;17.000
17/10/2008;20:43:00;4.852;0.000;232.200;20.800;1.000;35.000;17.000
17/10/2008;20:44:00;4.252;0.000;233.870;18.200;2.000;21.000;17.000
17/10/2008;20:45:00;4.546;0.164;234.090;19.400;1.000;27.000;18.000
17/10/2008;20:46:00;4.802;0.094;233.010;20.600;1.000;35.000;17.000
17/10/2008;20:47:00;4.606;0.000;234.000;19.800;1.000;31.000;17.000
17/10/2008;20:48:00;4.142;0.058;236.360;17.600;1.000;18.000;18.000
17/10/2008;20:49:00;5.138;0.000;235.320;21.800;1.000;36.000;18.000
17/10/2008;20:50:00;4.838;0.052;235.860;20.600;2.000;32.000;17.000
17/10/2008;20:51:00;4.118;0.000;237.560;17.400;1.000;17.000;18.000
17/10/2008;20:52:00;5.110;0.056;236.140;21.600;1.000;36.000;18.000
17/10/2008;20:53:00;4.600;0.000;237.100;19.600;1.000;29.000;18.000
17/10/2008;20:54:00;4.306;0.060;237.250;18.200;2.000;21.000;18.000
17/10/2008;20:55:00;4.962;0.000;235.770;21.000;1.000;36.000;17.000
17/10/2008;20:56:00;3.866;0.068;238.010;16.200;1.000;17.000;18.000
17/10/2008;20:57:00;4.994;0.000;235.500;21.200;1.000;32.000;18.000
17/10/2008;20:58:00;4.020;0.092;236.960;17.600;1.000;16.000;18.000
17/10/2008;20:59:00;3.192;0.056;238.110;13.400;1.000;4.000;18.000
17/10/2008;21:00:00;3.210;0.000;237.790;13.400;1.000;3.000;18.000
17/10/2008;21:01:00;4.668;0.000;234.110;20.400;24.000;4.000;17.000
17/10/2008;21:02:00;5.264;0.000;233.720;22.400;37.000;4.000;18.000
17/10/2008;21:03:00;5.282;0.000;233.810;22.600;36.000;3.000;17.000
17/10/2008;21:04:00;5.250;0.000;233.370;22.400;37.000;4.000;17.000
17/10/2008;21:05:00;5.156;0.000;232.770;22.200;36.000;3.000;17.000
17/10/2008;21:06:00;4.142;0.000;232.770;17.800;36.000;2.000;0.000
17/10/2008;21:07:00;4.130;0.000;235.720;17.400;37.000;0.000;1.000
17/10/2008;21:08:00;4.152;0.000;236.020;17.600;37.000;0.000;1.000
17/10/2008;21:09:00;4.194;0.074;236.240;17.600;37.000;0.000;0.000
17/10/2008;21:10:00;4.224;0.098;235.720;17.800;37.000;1.000;1.000
17/10/2008;21:11:00;4.372;0.092;235.730;18.400;36.000;0.000;0.000
17/10/2008;21:12:00;2.520;0.118;237.710;10.800;7.000;0.000;1.000
17/10/2008;21:13:00;2.464;0.242;237.090;10.400;2.000;1.000;1.000
17/10/2008;21:14:00;2.510;0.328;237.950;10.600;1.000;1.000;0.000
17/10/2008;21:15:00;2.508;0.330;238.230;10.600;1.000;2.000;1.000
17/10/2008;21:16:00;2.502;0.328;237.950;10.600;1.000;1.000;1.000
17/10/2008;21:17:00;2.496;0.330;237.950;10.600;1.000;2.000;0.000
17/10/2008;21:18:00;2.486;0.324;237.080;10.600;2.000;1.000;1.000
17/10/2008;21:19:00;2.714;0.368;236.800;11.600;1.000;2.000;4.000
17/10/2008;21:20:00;2.972;0.428;236.770;12.600;1.000;1.000;10.000
17/10/2008;21:21:00;2.712;0.416;236.940;11.600;1.000;3.000;11.000
17/10/2008;21:22:00;2.752;0.416;236.930;11.600;1.000;2.000;12.000
17/10/2008;21:23:00;2.864;0.432;237.610;12.200;1.000;2.000;11.000
17/10/2008;21:24:00;3.232;0.388;236.660;14.000;2.000;10.000;9.000
17/10/2008;21:25:00;4.324;0.302;234.330;18.400;1.000;38.000;1.000
17/10/2008;21:26:00;4.354;0.308;235.460;18.400;1.000;39.000;0.000
17/10/2008;21:27:00;4.462;0.276;235.270;19.000;1.000;38.000;1.000
17/10/2008;21:28:00;5.162;0.202;234.780;22.000;1.000;38.000;0.000
17/10/2008;21:29:00;4.560;0.210;235.650;19.400;2.000;38.000;1.000
17/10/2008;21:30:00;4.292;0.218;236.040;18.200;1.000;39.000;1.000
17/10/2008;21:31:00;4.270;0.214;235.280;18.200;1.000;39.000;0.000
17/10/2008;21:32:00;4.178;0.214;234.590;17.800;1.000;38.000;1.000
17/10/2008;21:33:00;2.130;0.238;238.560;9.000;1.000;4.000;1.000
17/10/2008;21:34:00;3.200;0.136;237.940;14.200;2.000;19.000;0.000
17/10/2008;21:35:00;2.478;0.130;238.210;11.000;1.000;12.000;1.000
17/10/2008;21:36:00;2.022;0.148;238.250;8.400;1.000;2.000;0.000
17/10/2008;21:37:00;1.998;0.152;238.530;8.400;1.000;2.000;1.000
17/10/2008;21:38:00;2.006;0.118;238.200;8.400;1.000;2.000;1.000
17/10/2008;21:39:00;2.050;0.114;238.130;8.600;2.000;2.000;0.000
17/10/2008;21:40:00;2.062;0.118;239.240;8.600;1.000;3.000;1.000
17/10/2008;21:41:00;2.062;0.126;239.300;8.600;1.000;3.000;1.000
17/10/2008;21:42:00;2.016;0.114;239.750;8.400;1.000;2.000;0.000
17/10/2008;21:43:00;1.964;0.000;239.710;8.200;1.000;1.000;1.000
17/10/2008;21:44:00;1.926;0.000;239.670;8.000;2.000;0.000;1.000
17/10/2008;21:45:00;1.948;0.000;238.400;8.200;1.000;1.000;0.000
17/10/2008;21:46:00;1.966;0.000;238.980;8.200;1.000;1.000;1.000
17/10/2008;21:47:00;1.988;0.000;239.570;8.200;1.000;1.000;1.000
17/10/2008;21:48:00;1.988;0.000;239.770;8.200;1.000;2.000;0.000
17/10/2008;21:49:00;1.980;0.000;239.670;8.200;2.000;1.000;1.000
17/10/2008;21:50:00;2.208;0.076;238.910;9.200;1.000;5.000;1.000
17/10/2008;21:51:00;2.212;0.074;239.290;9.200;1.000;5.000;0.000
17/10/2008;21:52:00;2.218;0.076;238.500;9.200;1.000;5.000;1.000
17/10/2008;21:53:00;2.290;0.080;239.400;9.600;1.000;6.000;1.000
17/10/2008;21:54:00;2.146;0.064;239.420;9.000;2.000;3.000;0.000
17/10/2008;21:55:00;2.018;0.110;239.730;8.400;1.000;1.000;1.000
17/10/2008;21:56:00;1.978;0.110;239.590;8.200;1.000;0.000;1.000
17/10/2008;21:57:00;1.976;0.110;239.630;8.200;1.000;0.000;0.000
17/10/2008;21:58:00;1.972;0.108;239.460;8.200;1.000;0.000;1.000
17/10/2008;21:59:00;1.974;0.108;239.600;8.200;2.000;0.000;0.000
17/10/2008;22:00:00;1.978;0.108;239.320;8.200;1.000;0.000;1.000
17/10/2008;22:01:00;1.958;0.106;237.960;8.200;1.000;0.000;1.000
17/10/2008;22:02:00;1.974;0.110;239.490;8.200;1.000;0.000;0.000
17/10/2008;22:03:00;1.968;0.106;238.960;8.200;1.000;0.000;1.000
17/10/2008;22:04:00;1.936;0.146;238.090;8.200;2.000;0.000;1.000
17/10/2008;22:05:00;1.894;0.178;239.220;8.000;0.000;0.000;0.000
17/10/2008;22:06:00;1.920;0.170;238.140;8.000;1.000;0.000;1.000
17/10/2008;22:07:00;1.874;0.074;238.820;7.800;0.000;0.000;1.000
17/10/2008;22:08:00;1.462;0.000;238.340;6.200;1.000;0.000;0.000
17/10/2008;22:09:00;1.306;0.000;239.420;5.400;0.000;0.000;1.000
17/10/2008;22:10:00;1.360;0.000;239.730;5.600;1.000;0.000;1.000
17/10/2008;22:11:00;1.476;0.118;239.410;6.200;2.000;0.000;0.000
17/10/2008;22:12:00;1.482;0.126;240.590;6.200;1.000;0.000;1.000
17/10/2008;22:13:00;1.462;0.124;240.630;6.000;1.000;0.000;1.000
17/10/2008;22:14:00;1.464;0.122;240.410;6.000;1.000;0.000;0.000
17/10/2008;22:15:00;1.460;0.124;240.660;6.000;2.000;0.000;1.000
17/10/2008;22:16:00;1.464;0.124;240.600;6.000;1.000;0.000;1.000
17/10/2008;22:17:00;1.448;0.134;240.620;6.000;1.000;0.000;0.000
17/10/2008;22:18:00;1.450;0.162;242.390;6.000;1.000;0.000;1.000
17/10/2008;22:19:00;1.440;0.168;242.620;6.000;0.000;0.000;1.000
17/10/2008;22:20:00;1.480;0.148;244.240;6.000;1.000;0.000;0.000
17/10/2008;22:21:00;2.568;0.134;243.820;11.400;17.000;0.000;1.000
17/10/2008;22:22:00;3.758;0.118;243.200;15.400;39.000;0.000;1.000
17/10/2008;22:23:00;3.750;0.118;242.950;15.400;39.000;0.000;0.000
17/10/2008;22:24:00;3.750;0.118;243.130;15.400;39.000;0.000;1.000
17/10/2008;22:25:00;3.732;0.116;242.350;15.400;39.000;0.000;1.000
17/10/2008;22:26:00;3.720;0.114;242.250;15.200;38.000;0.000;0.000
17/10/2008;22:27:00;3.712;0.112;241.880;15.200;39.000;0.000;1.000
17/10/2008;22:28:00;3.688;0.110;240.850;15.200;38.000;0.000;1.000
17/10/2008;22:29:00;3.716;0.112;241.840;15.400;39.000;0.000;0.000
17/10/2008;22:30:00;3.698;0.110;241.290;15.200;38.000;0.000;1.000
17/10/2008;22:31:00;3.702;0.112;241.600;15.200;39.000;0.000;1.000
17/10/2008;22:32:00;3.690;0.112;241.200;15.200;38.000;0.000;0.000
17/10/2008;22:33:00;3.514;0.130;241.230;14.600;38.000;0.000;1.000
17/10/2008;22:34:00;2.080;0.146;243.370;9.600;18.000;0.000;1.000
17/10/2008;22:35:00;1.132;0.000;244.310;4.600;0.000;0.000;0.000
17/10/2008;22:36:00;1.130;0.000;244.410;4.600;0.000;0.000;1.000
17/10/2008;22:37:00;1.136;0.000;244.370;4.600;0.000;0.000;1.000
17/10/2008;22:38:00;1.148;0.046;243.510;4.600;0.000;0.000;0.000
17/10/2008;22:39:00;1.402;0.112;243.200;5.800;0.000;0.000;1.000
17/10/2008;22:40:00;1.912;0.108;243.260;7.800;0.000;0.000;1.000
17/10/2008;22:41:00;1.756;0.098;243.460;7.200;0.000;0.000;0.000
17/10/2008;22:42:00;1.800;0.074;243.420;7.400;0.000;0.000;1.000
17/10/2008;22:43:00;1.832;0.072;243.050;7.400;0.000;0.000;1.000
17/10/2008;22:44:00;1.840;0.072;243.430;7.600;0.000;0.000;0.000
17/10/2008;22:45:00;1.822;0.070;242.500;7.400;0.000;0.000;1.000
17/10/2008;22:46:00;1.756;0.072;242.190;7.200;0.000;0.000;1.000
17/10/2008;22:47:00;1.740;0.072;242.000;7.200;0.000;0.000;0.000
17/10/2008;22:48:00;1.734;0.070;241.610;7.200;0.000;0.000;1.000
17/10/2008;22:49:00;1.806;0.068;241.180;7.400;0.000;0.000;1.000
17/10/2008;22:50:00;1.456;0.070;241.480;6.000;0.000;0.000;0.000
17/10/2008;22:51:00;1.620;0.000;241.230;6.800;0.000;0.000;1.000
17/10/2008;22:52:00;0.988;0.000;242.520;4.000;0.000;0.000;1.000
17/10/2008;22:53:00;0.966;0.000;242.650;4.000;0.000;0.000;0.000
17/10/2008;22:54:00;0.964;0.000;243.110;4.000;0.000;0.000;1.000
17/10/2008;22:55:00;0.960;0.000;243.210;4.000;0.000;0.000;1.000
17/10/2008;22:56:00;1.012;0.000;243.280;4.200;0.000;0.000;0.000
17/10/2008;22:57:00;1.036;0.000;242.550;4.200;0.000;0.000;1.000
17/10/2008;22:58:00;0.930;0.000;242.970;3.800;0.000;0.000;1.000
17/10/2008;22:59:00;0.418;0.000;243.620;1.800;0.000;0.000;0.000
17/10/2008;23:00:00;0.452;0.000;244.050;2.000;0.000;0.000;1.000
17/10/2008;23:01:00;0.496;0.116;244.320;2.000;0.000;1.000;1.000
17/10/2008;23:02:00;0.496;0.116;244.550;2.000;0.000;1.000;0.000
17/10/2008;23:03:00;0.480;0.096;244.320;2.000;0.000;2.000;1.000
17/10/2008;23:04:00;0.454;0.088;244.470;1.800;0.000;1.000;1.000
17/10/2008;23:05:00;0.454;0.088;244.540;1.800;0.000;2.000;0.000
17/10/2008;23:06:00;0.454;0.088;245.050;1.800;0.000;1.000;1.000
17/10/2008;23:07:00;0.400;0.086;244.310;1.600;0.000;1.000;1.000
17/10/2008;23:08:00;0.430;0.104;243.640;1.800;0.000;2.000;0.000
17/10/2008;23:09:00;0.370;0.120;243.700;1.600;0.000;1.000;1.000
17/10/2008;23:10:00;0.796;0.194;242.840;3.600;0.000;2.000;8.000
17/10/2008;23:11:00;0.946;0.224;242.960;4.000;0.000;1.000;11.000
17/10/2008;23:12:00;0.974;0.224;243.130;4.000;0.000;1.000;11.000
17/10/2008;23:13:00;0.988;0.216;242.620;4.200;0.000;2.000;12.000
17/10/2008;23:14:00;0.866;0.192;242.860;3.800;0.000;1.000;10.000
17/10/2008;23:15:00;0.330;0.086;243.810;1.400;0.000;1.000;1.000
17/10/2008;23:16:00;0.428;0.194;244.050;2.000;0.000;2.000;0.000
17/10/2008;23:17:00;0.440;0.224;243.580;2.000;0.000;1.000;1.000
17/10/2008;23:18:00;0.436;0.224;243.860;2.000;0.000;1.000;1.000
17/10/2008;23:19:00;0.436;0.226;244.160;2.000;0.000;2.000;0.000
17/10/2008;23:20:00;0.432;0.224;243.840;2.000;0.000;1.000;1.000
17/10/2008;23:21:00;0.430;0.224;243.750;2.000;0.000;1.000;1.000
17/10/2008;23:22:00;0.424;0.214;241.560;1.800;0.000;1.000;0.000
17/10/2008;23:23:00;0.460;0.242;241.390;2.200;0.000;2.000;1.000
17/10/2008;23:24:00;0.496;0.316;241.060;2.400;0.000;1.000;1.000
17/10/2008;23:25:00;0.494;0.316;241.130;2.400;0.000;1.000;0.000
17/10/2008;23:26:00;0.496;0.322;242.060;2.400;0.000;1.000;1.000
17/10/2008;23:27:00;0.482;0.302;241.970;2.200;0.000;1.000;1.000
17/10/2008;23:28:00;0.420;0.198;241.900;1.800;0.000;0.000;0.000
17/10/2008;23:29:00;0.418;0.198;241.970;1.800;0.000;0.000;1.000
17/10/2008;23:30:00;0.414;0.196;241.780;1.800;0.000;0.000;1.000
17/10/2008;23:31:00;0.414;0.198;242.030;1.800;0.000;0.000;0.000
17/10/2008;23:32:00;0.414;0.200;242.720;1.800;0.000;0.000;1.000
17/10/2008;23:33:00;0.414;0.200;242.820;1.800;0.000;0.000;1.000
17/10/2008;23:34:00;0.414;0.200;242.900;1.800;0.000;0.000;0.000
17/10/2008;23:35:00;0.412;0.200;242.630;1.800;0.000;0.000;1.000
17/10/2008;23:36:00;0.348;0.104;242.800;1.400;0.000;0.000;1.000
17/10/2008;23:37:00;0.344;0.096;243.350;1.400;0.000;0.000;0.000
17/10/2008;23:38:00;0.342;0.094;242.830;1.400;0.000;0.000;1.000
17/10/2008;23:39:00;0.342;0.094;242.290;1.400;0.000;0.000;1.000
17/10/2008;23:40:00;0.302;0.000;241.910;1.200;0.000;0.000;0.000
17/10/2008;23:41:00;0.248;0.000;241.950;1.000;0.000;0.000;1.000
17/10/2008;23:42:00;0.248;0.000;242.160;1.000;0.000;0.000;1.000
17/10/2008;23:43:00;0.248;0.000;242.500;1.000;0.000;0.000;0.000
17/10/2008;23:44:00;0.248;0.000;242.190;1.000;0.000;0.000;1.000
17/10/2008;23:45:00;0.244;0.000;240.810;1.000;0.000;0.000;1.000
17/10/2008;23:46:00;0.244;0.000;240.800;1.000;0.000;0.000;0.000
17/10/2008;23:47:00;0.246;0.000;241.020;1.000;0.000;0.000;1.000
17/10/2008;23:48:00;0.246;0.000;241.450;1.000;0.000;0.000;1.000
17/10/2008;23:49:00;0.246;0.000;241.530;1.000;0.000;0.000;0.000
17/10/2008;23:50:00;0.246;0.000;241.590;1.000;0.000;0.000;1.000
17/10/2008;23:51:00;0.246;0.000;241.710;1.000;0.000;0.000;1.000
17/10/2008;23:52:00;0.248;0.000;242.070;1.000;0.000;0.000;0.000
17/10/2008;23:53:00;0.248;0.000;242.170;1.000;0.000;0.000;1.000
17/10/2008;23:54:00;0.248;0.000;242.090;1.000;0.000;0.000;1.000
17/10/2008;23:55:00;0.246;0.000;241.870;1.000;0.000;0.000;0.000
17/10/2008;23:56:00;0.246;0.000;241.720;1.000;0.000;0.000;1.000
17/10/2008;23:57:00;0.246;0.000;241.960;1.000;0.000;0.000;1.000
17/10/2008;23:58:00;0.246;0.000;241.910;1.000;0.000;0.000;0.000
17/10/2008;23:59:00;0.246;0.000;241.610;1.000;0.000;0.000;1.000
18/10/2008;00:00:00;0.248;0.000;242.910;1.000;0.000;0.000;1.000
18/10/2008;00:01:00;0.248;0.000;243.040;1.000;0.000;0.000;0.000
18/10/2008;00:02:00;0.248;0.000;243.520;1.000;0.000;0.000;1.000
18/10/2008;00:03:00;0.250;0.000;243.830;1.000;0.000;0.000;1.000
18/10/2008;00:04:00;0.250;0.000;244.060;1.000;0.000;0.000;0.000
18/10/2008;00:05:00;0.248;0.000;243.920;1.000;0.000;0.000;1.000
18/10/2008;00:06:00;0.248;0.000;243.580;1.000;0.000;0.000;1.000
18/10/2008;00:07:00;0.248;0.000;243.700;1.000;0.000;0.000;0.000
18/10/2008;00:08:00;0.310;0.000;243.680;1.400;0.000;0.000;1.000
18/10/2008;00:09:00;0.326;0.068;243.770;1.400;0.000;0.000;1.000
18/10/2008;00:10:00;0.326;0.068;243.790;1.400;0.000;0.000;0.000
18/10/2008;00:11:00;0.326;0.066;243.200;1.400;0.000;0.000;1.000
18/10/2008;00:12:00;0.324;0.068;243.570;1.400;0.000;0.000;1.000
18/10/2008;00:13:00;0.322;0.066;243.310;1.400;0.000;0.000;0.000
18/10/2008;00:14:00;0.322;0.066;243.170;1.400;0.000;0.000;1.000
18/10/2008;00:15:00;0.322;0.066;243.400;1.200;0.000;0.000;1.000
18/10/2008;00:16:00;0.320;0.066;243.250;1.200;0.000;0.000;0.000
18/10/2008;00:17:00;0.320;0.066;243.240;1.200;0.000;0.000;1.000
18/10/2008;00:18:00;0.316;0.062;241.470;1.200;0.000;0.000;1.000
18/10/2008;00:19:00;0.334;0.062;241.280;1.400;0.000;0.000;0.000
18/10/2008;00:20:00;0.358;0.090;241.340;1.400;0.000;0.000;1.000
18/10/2008;00:21:00;0.356;0.092;241.650;1.400;0.000;0.000;1.000
18/10/2008;00:22:00;0.354;0.092;241.770;1.400;0.000;0.000;0.000
18/10/2008;00:23:00;0.352;0.092;242.000;1.400;0.000;0.000;1.000
18/10/2008;00:24:00;0.352;0.092;241.900;1.400;0.000;0.000;1.000
18/10/2008;00:25:00;0.350;0.092;241.860;1.400;0.000;0.000;0.000
18/10/2008;00:26:00;0.348;0.092;241.830;1.400;0.000;0.000;1.000
18/10/2008;00:27:00;0.346;0.090;241.050;1.400;0.000;0.000;1.000
18/10/2008;00:28:00;0.344;0.088;240.440;1.400;0.000;0.000;0.000
18/10/2008;00:29:00;0.342;0.088;240.370;1.400;0.000;0.000;1.000
18/10/2008;00:30:00;0.342;0.090;240.490;1.400;0.000;0.000;1.000
18/10/2008;00:31:00;0.342;0.092;241.130;1.400;0.000;0.000;0.000
18/10/2008;00:32:00;0.342;0.090;241.040;1.400;0.000;0.000;1.000
18/10/2008;00:33:00;0.344;0.092;241.430;1.400;0.000;0.000;1.000
18/10/2008;00:34:00;0.344;0.092;241.570;1.400;0.000;0.000;0.000
18/10/2008;00:35:00;0.342;0.092;241.420;1.400;0.000;0.000;1.000
18/10/2008;00:36:00;0.342;0.092;241.260;1.400;0.000;0.000;1.000
18/10/2008;00:37:00;0.342;0.092;241.780;1.400;0.000;0.000;0.000
18/10/2008;00:38:00;0.342;0.094;241.970;1.400;0.000;0.000;1.000
18/10/2008;00:39:00;0.342;0.094;242.110;1.400;0.000;0.000;1.000
18/10/2008;00:40:00;0.342;0.094;242.280;1.400;0.000;0.000;0.000
18/10/2008;00:41:00;0.342;0.094;242.040;1.400;0.000;0.000;1.000
18/10/2008;00:42:00;0.342;0.092;241.870;1.400;0.000;0.000;1.000
18/10/2008;00:43:00;0.326;0.072;240.990;1.400;0.000;0.000;0.000
18/10/2008;00:44:00;0.244;0.000;239.750;1.000;0.000;0.000;1.000
18/10/2008;00:45:00;0.244;0.000;239.690;1.000;0.000;0.000;1.000
18/10/2008;00:46:00;0.242;0.000;239.080;1.000;0.000;0.000;0.000
18/10/2008;00:47:00;0.242;0.000;238.420;1.000;0.000;0.000;1.000
18/10/2008;00:48:00;0.242;0.000;238.790;1.000;0.000;0.000;1.000
18/10/2008;00:49:00;0.244;0.000;239.310;1.000;0.000;0.000;0.000
18/10/2008;00:50:00;0.242;0.000;239.110;1.000;0.000;0.000;1.000
18/10/2008;00:51:00;0.244;0.000;239.400;1.000;0.000;0.000;1.000
18/10/2008;00:52:00;0.400;0.126;238.690;2.000;0.000;1.000;0.000
18/10/2008;00:53:00;0.404;0.174;238.730;1.800;0.000;1.000;1.000
18/10/2008;00:54:00;0.404;0.176;238.910;1.800;0.000;2.000;1.000
18/10/2008;00:55:00;0.406;0.176;238.820;1.800;0.000;1.000;0.000
18/10/2008;00:56:00;0.404;0.176;238.820;1.800;0.000;1.000;1.000
18/10/2008;00:57:00;0.402;0.176;238.500;1.800;0.000;2.000;0.000
18/10/2008;00:58:00;0.400;0.176;238.180;1.800;0.000;1.000;1.000
18/10/2008;00:59:00;0.400;0.176;238.600;1.800;0.000;2.000;1.000
18/10/2008;01:00:00;0.398;0.176;238.810;1.800;0.000;1.000;0.000
18/10/2008;01:01:00;0.396;0.176;238.980;1.800;0.000;2.000;1.000
18/10/2008;01:02:00;0.394;0.176;238.740;1.800;0.000;1.000;1.000
18/10/2008;01:03:00;0.374;0.146;238.160;1.600;0.000;1.000;0.000
18/10/2008;01:04:00;0.324;0.072;237.870;1.400;0.000;2.000;1.000
18/10/2008;01:05:00;0.322;0.072;237.910;1.400;0.000;1.000;1.000
18/10/2008;01:06:00;0.628;0.132;237.520;3.000;0.000;1.000;5.000
18/10/2008;01:07:00;0.914;0.180;237.600;3.800;0.000;2.000;10.000
18/10/2008;01:08:00;0.936;0.184;238.130;4.000;0.000;1.000;11.000
18/10/2008;01:09:00;0.958;0.182;238.140;4.000;0.000;1.000;11.000
18/10/2008;01:10:00;0.964;0.184;238.330;4.000;0.000;1.000;12.000
18/10/2008;01:11:00;0.538;0.112;238.530;2.600;0.000;2.000;5.000
18/10/2008;01:12:00;0.318;0.076;238.990;1.400;0.000;1.000;1.000
18/10/2008;01:13:00;0.318;0.076;239.080;1.400;0.000;1.000;0.000
18/10/2008;01:14:00;0.318;0.076;239.030;1.400;0.000;1.000;1.000
18/10/2008;01:15:00;0.318;0.076;239.110;1.400;0.000;2.000;1.000
18/10/2008;01:16:00;0.316;0.074;239.140;1.400;0.000;1.000;0.000
18/10/2008;01:17:00;0.316;0.074;239.030;1.400;0.000;1.000;1.000
18/10/2008;01:18:00;0.272;0.000;238.890;1.200;0.000;1.000;0.000
18/10/2008;01:19:00;0.242;0.000;239.200;1.000;0.000;0.000;1.000
18/10/2008;01:20:00;0.240;0.000;238.770;1.000;0.000;0.000;1.000
18/10/2008;01:21:00;0.240;0.000;238.760;1.000;0.000;0.000;0.000
18/10/2008;01:22:00;0.240;0.000;238.780;1.000;0.000;0.000;1.000
18/10/2008;01:23:00;0.242;0.000;238.780;1.000;0.000;0.000;1.000
18/10/2008;01:24:00;0.242;0.000;239.060;1.000;0.000;0.000;0.000
18/10/2008;01:25:00;0.328;0.000;238.820;1.400;0.000;0.000;1.000
18/10/2008;01:26:00;0.352;0.086;238.900;1.400;0.000;0.000;1.000
18/10/2008;01:27:00;0.350;0.086;239.100;1.400;0.000;0.000;0.000
18/10/2008;01:28:00;0.348;0.088;239.270;1.400;0.000;0.000;1.000
18/10/2008;01:29:00;0.346;0.086;238.870;1.400;0.000;0.000;1.000
18/10/2008;01:30:00;0.346;0.086;238.950;1.400;0.000;0.000;0.000
18/10/2008;01:31:00;0.344;0.086;238.700;1.400;0.000;0.000;1.000
18/10/2008;01:32:00;0.342;0.086;238.860;1.400;0.000;0.000;1.000
18/10/2008;01:33:00;0.342;0.086;238.940;1.400;0.000;0.000;0.000
18/10/2008;01:34:00;0.340;0.086;238.900;1.400;0.000;0.000;1.000
18/10/2008;01:35:00;0.338;0.086;239.090;1.400;0.000;0.000;1.000
18/10/2008;01:36:00;0.336;0.086;239.040;1.400;0.000;0.000;0.000
18/10/2008;01:37:00;0.376;0.120;239.170;1.800;0.000;0.000;1.000
18/10/2008;01:38:00;0.410;0.186;238.640;1.800;0.000;0.000;1.000
18/10/2008;01:39:00;0.410;0.186;238.630;1.800;0.000;0.000;0.000
18/10/2008;01:40:00;0.410;0.190;239.370;1.800;0.000;0.000;1.000
18/10/2008;01:41:00;0.410;0.190;239.320;1.800;0.000;0.000;0.000
18/10/2008;01:42:00;0.410;0.192;239.740;1.800;0.000;0.000;1.000
18/10/2008;01:43:00;0.408;0.194;240.510;1.800;0.000;0.000;1.000
18/10/2008;01:44:00;0.406;0.192;240.250;1.800;0.000;0.000;0.000
18/10/2008;01:45:00;0.404;0.192;239.960;1.800;0.000;0.000;1.000
18/10/2008;01:46:00;0.404;0.192;239.960;1.800;0.000;0.000;1.000
18/10/2008;01:47:00;0.402;0.190;239.770;1.800;0.000;0.000;0.000
18/10/2008;01:48:00;0.402;0.190;239.610;1.800;0.000;0.000;1.000
18/10/2008;01:49:00;0.278;0.000;240.040;1.200;0.000;0.000;1.000
18/10/2008;01:50:00;0.242;0.000;240.160;1.000;0.000;0.000;0.000
18/10/2008;01:51:00;0.244;0.000;240.260;1.000;0.000;0.000;1.000
18/10/2008;01:52:00;0.244;0.000;240.420;1.000;0.000;0.000;1.000
18/10/2008;01:53:00;0.244;0.000;240.580;1.000;0.000;0.000;0.000
18/10/2008;01:54:00;0.242;0.000;240.140;1.000;0.000;0.000;1.000
18/10/2008;01:55:00;0.242;0.000;239.660;1.000;0.000;0.000;1.000
18/10/2008;01:56:00;0.244;0.000;240.710;1.000;0.000;0.000;0.000
18/10/2008;01:57:00;0.246;0.000;241.640;1.000;0.000;0.000;1.000
18/10/2008;01:58:00;0.246;0.000;241.580;1.000;0.000;0.000;1.000
18/10/2008;01:59:00;0.244;0.000;241.530;1.000;0.000;0.000;0.000
18/10/2008;02:00:00;0.246;0.000;241.680;1.000;0.000;0.000;1.000
18/10/2008;02:01:00;0.246;0.000;241.980;1.000;0.000;0.000;1.000
18/10/2008;02:02:00;0.246;0.000;242.470;1.000;0.000;0.000;0.000
18/10/2008;02:03:00;0.246;0.000;242.160;1.000;0.000;0.000;1.000
18/10/2008;02:04:00;0.246;0.000;242.090;1.000;0.000;0.000;1.000
18/10/2008;02:05:00;0.246;0.000;242.340;1.000;0.000;0.000;0.000
18/10/2008;02:06:00;0.246;0.000;242.460;1.000;0.000;0.000;1.000
18/10/2008;02:07:00;0.246;0.000;242.280;1.000;0.000;0.000;1.000
18/10/2008;02:08:00;0.246;0.000;242.000;1.000;0.000;0.000;0.000
18/10/2008;02:09:00;0.244;0.000;240.980;1.000;0.000;0.000;1.000
18/10/2008;02:10:00;0.244;0.000;241.290;1.000;0.000;0.000;1.000
18/10/2008;02:11:00;0.244;0.000;241.860;1.000;0.000;0.000;0.000
18/10/2008;02:12:00;0.244;0.000;241.440;1.000;0.000;0.000;1.000
18/10/2008;02:13:00;0.244;0.000;241.560;1.000;0.000;0.000;1.000
18/10/2008;02:14:00;0.244;0.000;241.480;1.000;0.000;0.000;0.000
18/10/2008;02:15:00;0.244;0.000;241.480;1.000;0.000;0.000;1.000
18/10/2008;02:16:00;0.244;0.000;241.310;1.000;0.000;0.000;1.000
18/10/2008;02:17:00;0.246;0.000;241.960;1.000;0.000;0.000;0.000
18/10/2008;02:18:00;0.246;0.000;242.290;1.000;0.000;0.000;1.000
18/10/2008;02:19:00;0.246;0.000;242.230;1.000;0.000;0.000;1.000
18/10/2008;02:20:00;0.246;0.000;242.500;1.000;0.000;0.000;0.000
18/10/2008;02:21:00;0.246;0.000;242.830;1.000;0.000;0.000;1.000
18/10/2008;02:22:00;0.298;0.000;242.890;1.400;0.000;0.000;1.000
18/10/2008;02:23:00;0.324;0.066;242.970;1.400;0.000;0.000;0.000
18/10/2008;02:24:00;0.324;0.066;242.710;1.400;0.000;0.000;1.000
18/10/2008;02:25:00;0.324;0.066;242.690;1.400;0.000;0.000;1.000
18/10/2008;02:26:00;0.322;0.066;242.790;1.400;0.000;0.000;0.000
18/10/2008;02:27:00;0.320;0.066;242.480;1.400;0.000;0.000;1.000
18/10/2008;02:28:00;0.318;0.064;241.850;1.200;0.000;0.000;1.000
18/10/2008;02:29:00;0.316;0.064;241.690;1.200;0.000;0.000;0.000
18/10/2008;02:30:00;0.316;0.064;241.930;1.200;0.000;0.000;1.000
18/10/2008;02:31:00;0.424;0.178;241.610;2.000;0.000;0.000;1.000
18/10/2008;02:32:00;0.418;0.186;241.620;1.800;0.000;0.000;0.000
18/10/2008;02:33:00;0.352;0.094;241.760;1.400;0.000;0.000;1.000
18/10/2008;02:34:00;0.352;0.094;242.190;1.400;0.000;0.000;1.000
18/10/2008;02:35:00;0.352;0.098;242.870;1.400;0.000;0.000;0.000
18/10/2008;02:36:00;0.352;0.098;243.170;1.400;0.000;0.000;1.000
18/10/2008;02:37:00;0.350;0.098;243.200;1.400;0.000;0.000;1.000
18/10/2008;02:38:00;0.348;0.098;243.010;1.400;0.000;0.000;0.000
18/10/2008;02:39:00;0.348;0.098;243.040;1.400;0.000;0.000;1.000
18/10/2008;02:40:00;0.346;0.098;243.190;1.400;0.000;0.000;1.000
18/10/2008;02:41:00;0.346;0.096;242.620;1.400;0.000;0.000;0.000
18/10/2008;02:42:00;0.344;0.096;242.550;1.400;0.000;0.000;1.000
18/10/2008;02:43:00;0.342;0.096;242.200;1.400;0.000;0.000;1.000
18/10/2008;02:44:00;0.342;0.096;242.300;1.400;0.000;0.000;0.000
18/10/2008;02:45:00;0.342;0.096;242.520;1.400;0.000;0.000;1.000
18/10/2008;02:46:00;0.394;0.150;242.200;1.800;0.000;0.000;1.000
18/10/2008;02:47:00;0.428;0.222;242.890;2.000;0.000;1.000;0.000
18/10/2008;02:48:00;0.426;0.224;243.150;2.000;0.000;1.000;1.000
18/10/2008;02:49:00;0.426;0.222;242.830;2.000;0.000;2.000;1.000
18/10/2008;02:50:00;0.426;0.220;242.420;2.000;0.000;1.000;0.000
18/10/2008;02:51:00;0.426;0.222;242.760;2.000;0.000;1.000;1.000
18/10/2008;02:52:00;0.426;0.222;242.910;2.000;0.000;2.000;1.000
18/10/2008;02:53:00;0.426;0.222;242.800;2.000;0.000;1.000;0.000
18/10/2008;02:54:00;0.384;0.162;241.670;1.600;0.000;2.000;1.000
18/10/2008;02:55:00;0.330;0.084;241.770;1.400;0.000;1.000;1.000
18/10/2008;02:56:00;0.330;0.084;241.710;1.400;0.000;2.000;0.000
18/10/2008;02:57:00;0.328;0.084;242.030;1.400;0.000;1.000;1.000
18/10/2008;02:58:00;0.328;0.086;242.630;1.400;0.000;1.000;1.000
18/10/2008;02:59:00;0.328;0.086;242.750;1.400;0.000;2.000;0.000
18/10/2008;03:00:00;0.328;0.086;242.830;1.400;0.000;1.000;1.000
18/10/2008;03:01:00;0.326;0.086;242.780;1.400;0.000;1.000;1.000
18/10/2008;03:02:00;0.326;0.086;242.610;1.400;0.000;2.000;0.000
18/10/2008;03:03:00;0.326;0.086;242.750;1.400;0.000;1.000;1.000
18/10/2008;03:04:00;0.324;0.084;242.620;1.400;0.000;1.000;1.000
18/10/2008;03:05:00;0.324;0.084;242.300;1.400;0.000;2.000;0.000
18/10/2008;03:06:00;0.372;0.128;242.110;1.800;0.000;1.000;1.000
18/10/2008;03:07:00;0.398;0.188;241.870;1.800;0.000;1.000;1.000
18/10/2008;03:08:00;0.398;0.188;241.860;1.800;0.000;1.000;0.000
18/10/2008;03:09:00;0.398;0.188;242.270;1.800;0.000;2.000;1.000
18/10/2008;03:10:00;0.396;0.186;241.880;1.800;0.000;1.000;1.000
18/10/2008;03:11:00;0.394;0.186;241.380;1.800;0.000;1.000;0.000
18/10/2008;03:12:00;0.326;0.078;241.750;1.400;0.000;0.000;1.000
18/10/2008;03:13:00;0.318;0.066;242.040;1.200;0.000;0.000;1.000
18/10/2008;03:14:00;0.316;0.066;241.690;1.200;0.000;0.000;0.000
18/10/2008;03:15:00;0.316;0.066;241.870;1.200;0.000;0.000;1.000
18/10/2008;03:16:00;0.314;0.064;241.540;1.200;0.000;0.000;1.000
18/10/2008;03:17:00;0.250;0.000;241.670;1.000;0.000;0.000;0.000
18/10/2008;03:18:00;0.590;0.000;241.540;2.800;0.000;0.000;6.000
18/10/2008;03:19:00;0.848;0.088;241.450;3.400;0.000;0.000;11.000
18/10/2008;03:20:00;0.868;0.088;241.530;3.600;0.000;0.000;11.000
18/10/2008;03:21:00;0.890;0.088;241.460;3.600;0.000;0.000;11.000
18/10/2008;03:22:00;0.896;0.088;241.540;3.600;0.000;0.000;12.000
18/10/2008;03:23:00;0.386;0.000;242.310;1.800;0.000;0.000;3.000
18/10/2008;03:24:00;0.246;0.000;242.460;1.000;0.000;0.000;1.000
18/10/2008;03:25:00;0.246;0.000;242.240;1.000;0.000;0.000;1.000
18/10/2008;03:26:00;0.246;0.000;242.100;1.000;0.000;0.000;0.000
18/10/2008;03:27:00;0.244;0.000;241.600;1.000;0.000;0.000;1.000
18/10/2008;03:28:00;0.244;0.000;241.740;1.000;0.000;0.000;1.000
18/10/2008;03:29:00;0.246;0.000;241.830;1.000;0.000;0.000;0.000
18/10/2008;03:30:00;0.246;0.000;241.970;1.000;0.000;0.000;1.000
18/10/2008;03:31:00;0.246;0.000;242.250;1.000;0.000;0.000;1.000
18/10/2008;03:32:00;0.246;0.000;242.560;1.000;0.000;0.000;0.000
18/10/2008;03:33:00;0.246;0.000;242.720;1.000;0.000;0.000;1.000
18/10/2008;03:34:00;0.246;0.000;242.720;1.000;0.000;0.000;1.000
18/10/2008;03:35:00;0.246;0.000;242.710;1.000;0.000;0.000;0.000
18/10/2008;03:36:00;0.358;0.080;242.790;1.600;0.000;0.000;1.000
18/10/2008;03:37:00;0.358;0.098;242.440;1.400;0.000;0.000;1.000
18/10/2008;03:38:00;0.354;0.096;242.200;1.400;0.000;0.000;0.000
18/10/2008;03:39:00;0.354;0.096;242.300;1.400;0.000;0.000;1.000
18/10/2008;03:40:00;0.352;0.098;242.430;1.400;0.000;0.000;1.000
18/10/2008;03:41:00;0.350;0.098;242.650;1.400;0.000;0.000;0.000
18/10/2008;03:42:00;0.350;0.098;242.660;1.400;0.000;0.000;1.000
18/10/2008;03:43:00;0.348;0.098;242.690;1.400;0.000;0.000;1.000
18/10/2008;03:44:00;0.346;0.096;242.040;1.400;0.000;0.000;0.000
18/10/2008;03:45:00;0.344;0.094;241.580;1.400;0.000;0.000;1.000
18/10/2008;03:46:00;0.342;0.094;241.300;1.400;0.000;0.000;1.000
18/10/2008;03:47:00;0.342;0.094;241.250;1.400;0.000;0.000;0.000
18/10/2008;03:48:00;0.342;0.094;241.710;1.400;0.000;0.000;1.000
18/10/2008;03:49:00;0.342;0.096;242.070;1.400;0.000;0.000;1.000
18/10/2008;03:50:00;0.340;0.096;242.010;1.400;0.000;0.000;0.000
18/10/2008;03:51:00;0.402;0.156;241.960;1.800;0.000;0.000;1.000
18/10/2008;03:52:00;0.416;0.200;241.670;1.800;0.000;0.000;1.000
18/10/2008;03:53:00;0.414;0.198;241.160;1.800;0.000;0.000;0.000
18/10/2008;03:54:00;0.412;0.194;240.470;1.800;0.000;0.000;1.000
18/10/2008;03:55:00;0.412;0.196;240.650;1.800;0.000;0.000;1.000
18/10/2008;03:56:00;0.410;0.196;240.670;1.800;0.000;0.000;0.000
18/10/2008;03:57:00;0.410;0.196;241.050;1.800;0.000;0.000;1.000
18/10/2008;03:58:00;0.408;0.196;240.780;1.800;0.000;0.000;1.000
18/10/2008;03:59:00;0.316;0.066;241.030;1.200;0.000;0.000;0.000
18/10/2008;04:00:00;0.314;0.064;240.900;1.200;0.000;0.000;1.000
18/10/2008;04:01:00;0.314;0.064;241.230;1.200;0.000;0.000;1.000
18/10/2008;04:02:00;0.266;0.000;241.670;1.000;0.000;0.000;0.000
18/10/2008;04:03:00;0.246;0.000;241.780;1.000;0.000;0.000;1.000
18/10/2008;04:04:00;0.244;0.000;241.300;1.000;0.000;0.000;1.000
18/10/2008;04:05:00;0.244;0.000;241.110;1.000;0.000;0.000;0.000
18/10/2008;04:06:00;0.244;0.000;240.930;1.000;0.000;0.000;1.000
18/10/2008;04:07:00;0.244;0.000;240.850;1.000;0.000;0.000;1.000
18/10/2008;04:08:00;0.242;0.000;240.950;1.000;0.000;0.000;0.000
18/10/2008;04:09:00;0.244;0.000;241.040;1.000;0.000;0.000;1.000
18/10/2008;04:10:00;0.244;0.000;241.220;1.000;0.000;0.000;1.000
18/10/2008;04:11:00;0.244;0.000;242.080;1.000;0.000;0.000;0.000
18/10/2008;04:12:00;0.244;0.000;241.770;1.000;0.000;0.000;1.000
18/10/2008;04:13:00;0.244;0.000;241.720;1.000;0.000;0.000;1.000
18/10/2008;04:14:00;0.244;0.000;241.260;1.000;0.000;0.000;0.000
18/10/2008;04:15:00;0.244;0.000;241.140;1.000;0.000;0.000;1.000
18/10/2008;04:16:00;0.244;0.000;241.190;1.000;0.000;0.000;1.000
18/10/2008;04:17:00;0.246;0.000;241.170;1.000;0.000;0.000;0.000
18/10/2008;04:18:00;0.246;0.000;241.030;1.000;0.000;0.000;1.000
18/10/2008;04:19:00;0.244;0.000;240.710;1.000;0.000;0.000;1.000
18/10/2008;04:20:00;0.246;0.000;240.920;1.000;0.000;0.000;0.000
18/10/2008;04:21:00;0.246;0.000;241.120;1.000;0.000;0.000;1.000
18/10/2008;04:22:00;0.246;0.000;241.210;1.000;0.000;0.000;1.000
18/10/2008;04:23:00;0.246;0.000;241.340;1.000;0.000;0.000;0.000
18/10/2008;04:24:00;0.246;0.000;241.270;1.000;0.000;0.000;1.000
18/10/2008;04:25:00;0.246;0.000;241.410;1.000;0.000;0.000;1.000
18/10/2008;04:26:00;0.246;0.000;241.450;1.000;0.000;0.000;0.000
18/10/2008;04:27:00;0.246;0.000;241.200;1.000;0.000;0.000;1.000
18/10/2008;04:28:00;0.244;0.000;241.170;1.000;0.000;0.000;1.000
18/10/2008;04:29:00;0.246;0.000;241.190;1.000;0.000;0.000;0.000
18/10/2008;04:30:00;0.246;0.000;241.340;1.000;0.000;0.000;1.000
18/10/2008;04:31:00;0.244;0.000;240.810;1.000;0.000;0.000;1.000
18/10/2008;04:32:00;0.244;0.000;240.450;1.000;0.000;0.000;0.000
18/10/2008;04:33:00;0.242;0.000;239.630;1.000;0.000;0.000;1.000
18/10/2008;04:34:00;0.242;0.000;239.520;1.000;0.000;0.000;0.000
18/10/2008;04:35:00;0.242;0.000;240.220;1.000;0.000;0.000;1.000
18/10/2008;04:36:00;0.268;0.000;240.020;1.200;0.000;0.000;1.000
18/10/2008;04:37:00;0.320;0.060;240.370;1.400;0.000;0.000;0.000
18/10/2008;04:38:00;0.318;0.060;240.530;1.200;0.000;0.000;1.000
18/10/2008;04:39:00;0.320;0.062;241.080;1.400;0.000;0.000;1.000
18/10/2008;04:40:00;0.406;0.152;241.340;1.800;0.000;0.000;0.000
18/10/2008;04:41:00;0.430;0.196;240.850;1.800;0.000;0.000;1.000
18/10/2008;04:42:00;0.452;0.212;240.760;2.200;0.000;0.000;1.000
18/10/2008;04:43:00;0.508;0.318;240.880;2.400;0.000;1.000;0.000
18/10/2008;04:44:00;0.502;0.314;239.910;2.400;0.000;1.000;1.000
18/10/2008;04:45:00;0.500;0.312;239.450;2.400;0.000;2.000;1.000
18/10/2008;04:46:00;0.500;0.314;239.850;2.400;0.000;1.000;0.000
18/10/2008;04:47:00;0.434;0.218;240.390;2.000;0.000;1.000;1.000
18/10/2008;04:48:00;0.430;0.212;240.430;2.000;0.000;2.000;1.000
18/10/2008;04:49:00;0.428;0.214;240.620;2.000;0.000;1.000;0.000
18/10/2008;04:50:00;0.428;0.212;240.540;2.000;0.000;2.000;1.000
18/10/2008;04:51:00;0.426;0.212;240.560;2.000;0.000;1.000;1.000
18/10/2008;04:52:00;0.424;0.212;240.430;2.000;0.000;2.000;0.000
18/10/2008;04:53:00;0.424;0.214;240.580;2.000;0.000;1.000;1.000
18/10/2008;04:54:00;0.422;0.214;240.800;2.000;0.000;1.000;1.000
18/10/2008;04:55:00;0.420;0.212;240.720;1.800;0.000;2.000;0.000
18/10/2008;04:56:00;0.418;0.212;240.450;1.800;0.000;1.000;1.000
18/10/2008;04:57:00;0.416;0.212;240.390;1.800;0.000;1.000;1.000
18/10/2008;04:58:00;0.414;0.210;240.250;1.800;0.000;2.000;0.000
18/10/2008;04:59:00;0.412;0.212;240.330;1.800;0.000;1.000;1.000
18/10/2008;05:00:00;1.392;0.198;239.120;6.000;0.000;1.000;16.000
18/10/2008;05:01:00;1.508;0.198;239.660;6.200;0.000;2.000;18.000
18/10/2008;05:02:00;1.494;0.200;239.800;6.200;0.000;1.000;19.000
18/10/2008;05:03:00;1.406;0.082;240.200;5.800;0.000;1.000;19.000
18/10/2008;05:04:00;1.394;0.068;240.680;5.800;0.000;1.000;18.000
18/10/2008;05:05:00;1.388;0.068;240.410;5.800;0.000;1.000;19.000
18/10/2008;05:06:00;1.388;0.068;240.580;5.600;0.000;2.000;18.000
18/10/2008;05:07:00;1.388;0.068;240.910;5.600;0.000;1.000;19.000
18/10/2008;05:08:00;1.312;0.050;240.530;5.400;0.000;0.000;18.000
18/10/2008;05:09:00;1.312;0.052;240.450;5.400;0.000;0.000;18.000
18/10/2008;05:10:00;1.306;0.052;239.920;5.400;0.000;0.000;19.000
18/10/2008;05:11:00;1.304;0.052;239.720;5.400;0.000;0.000;18.000
18/10/2008;05:12:00;1.300;0.052;239.530;5.400;0.000;0.000;18.000
18/10/2008;05:13:00;1.302;0.052;239.610;5.400;0.000;0.000;18.000
18/10/2008;05:14:00;1.302;0.052;239.600;5.400;0.000;0.000;19.000
18/10/2008;05:15:00;1.298;0.052;239.310;5.400;0.000;0.000;18.000
18/10/2008;05:16:00;1.300;0.052;239.570;5.400;0.000;0.000;18.000
18/10/2008;05:17:00;1.302;0.052;239.730;5.400;0.000;0.000;18.000
18/10/2008;05:18:00;1.306;0.052;239.980;5.400;0.000;0.000;19.000
18/10/2008;05:19:00;1.306;0.052;240.110;5.400;0.000;0.000;18.000
18/10/2008;05:20:00;1.308;0.052;240.250;5.400;0.000;0.000;18.000
18/10/2008;05:21:00;1.358;0.000;240.240;5.600;0.000;0.000;19.000
18/10/2008;05:22:00;1.386;0.052;240.590;5.600;0.000;0.000;18.000
18/10/2008;05:23:00;1.384;0.050;240.410;5.600;0.000;0.000;18.000
18/10/2008;05:24:00;1.384;0.050;240.370;5.600;0.000;0.000;19.000
18/10/2008;05:25:00;1.382;0.050;240.310;5.600;0.000;0.000;18.000
18/10/2008;05:26:00;1.378;0.050;240.110;5.600;0.000;0.000;18.000
18/10/2008;05:27:00;1.374;0.050;239.880;5.600;0.000;0.000;19.000
18/10/2008;05:28:00;1.378;0.050;240.200;5.600;0.000;0.000;18.000
18/10/2008;05:29:00;1.374;0.050;239.930;5.600;0.000;0.000;18.000
18/10/2008;05:30:00;1.374;0.050;240.060;5.600;0.000;0.000;18.000
18/10/2008;05:31:00;1.340;0.000;240.540;5.400;0.000;0.000;19.000
18/10/2008;05:32:00;1.326;0.050;241.830;5.400;0.000;0.000;18.000
18/10/2008;05:33:00;1.326;0.050;241.810;5.400;0.000;0.000;19.000
18/10/2008;05:34:00;1.320;0.050;241.300;5.400;0.000;0.000;18.000
18/10/2008;05:35:00;1.310;0.050;240.330;5.400;0.000;0.000;19.000
18/10/2008;05:36:00;1.314;0.050;240.650;5.400;0.000;0.000;18.000
18/10/2008;05:37:00;1.068;0.046;242.190;4.800;0.000;0.000;16.000
18/10/2008;05:38:00;0.248;0.000;243.160;1.000;0.000;0.000;0.000
18/10/2008;05:39:00;0.250;0.000;244.010;1.000;0.000;0.000;1.000
18/10/2008;05:40:00;0.250;0.000;244.300;1.000;0.000;0.000;1.000
18/10/2008;05:41:00;0.248;0.000;243.550;1.000;0.000;0.000;0.000
18/10/2008;05:42:00;0.246;0.000;242.600;1.000;0.000;0.000;1.000
18/10/2008;05:43:00;0.246;0.000;242.270;1.000;0.000;0.000;1.000
18/10/2008;05:44:00;0.246;0.000;241.850;1.000;0.000;0.000;0.000
18/10/2008;05:45:00;0.372;0.096;241.730;1.600;0.000;0.000;1.000
18/10/2008;05:46:00;0.358;0.096;242.320;1.400;0.000;0.000;1.000
18/10/2008;05:47:00;0.366;0.102;242.030;1.600;0.000;0.000;0.000
18/10/2008;05:48:00;0.924;0.222;241.250;3.800;0.000;0.000;10.000
18/10/2008;05:49:00;0.940;0.214;240.600;4.000;0.000;0.000;11.000
18/10/2008;05:50:00;0.966;0.210;240.280;4.000;0.000;0.000;11.000
18/10/2008;05:51:00;0.978;0.208;240.030;4.200;0.000;0.000;11.000
18/10/2008;05:52:00;0.848;0.184;240.280;3.800;0.000;0.000;10.000
18/10/2008;05:53:00;0.344;0.094;240.940;1.400;0.000;0.000;0.000
18/10/2008;05:54:00;0.344;0.094;241.140;1.400;0.000;0.000;1.000
18/10/2008;05:55:00;0.344;0.094;241.260;1.400;0.000;0.000;1.000
18/10/2008;05:56:00;0.346;0.094;241.120;1.400;0.000;0.000;0.000
18/10/2008;05:57:00;0.350;0.094;241.600;1.400;0.000;0.000;1.000
18/10/2008;05:58:00;0.348;0.094;241.500;1.400;0.000;0.000;1.000
18/10/2008;05:59:00;0.346;0.094;241.220;1.400;0.000;0.000;0.000
18/10/2008;06:00:00;0.344;0.092;240.560;1.400;0.000;0.000;1.000
18/10/2008;06:01:00;0.344;0.092;240.830;1.400;0.000;0.000;1.000
18/10/2008;06:02:00;0.344;0.092;240.440;1.400;0.000;0.000;0.000
18/10/2008;06:03:00;0.342;0.092;240.370;1.400;0.000;0.000;1.000
